Id,TicketId,AbonnementId,Montant,DatePaiement,TarificationDureeMax,TarificationDureeMin,TarificationNiveau,TarificationPrix
32,D2D3AAE46104,NULL,2.87,"2025-03-08 14:08:45.014929",2,0,"Tarif horaire",2.50
33,AD2BE2BE4307,NULL,2.87,"2025-03-07 14:09:26.918726",2,0,"Tarif horaire",2.50
258,NULL,13ced9ca-fdb,2.50,"2025-03-07 09:46:32.000000",4,1,Demi-journée,6.25
259,NULL,13ceef40-fdb,6.25,"2025-03-10 09:46:32.000000",24,1,"Tarif horaire",6.25
260,NULL,13ceee6c-fdb,2.50,"2025-03-08 09:46:32.000000",4,1,Demi-journée,2.50
261,NULL,13cef20a-fdb,2.50,"2025-03-08 09:46:32.000000",4,1,"Tarif horaire",2.50
262,NULL,13cf0231-fdb,2.50,"2025-03-05 09:46:32.000000",4,4,"Journée complète",2.50
263,edf42ecd-fdb,NULL,2.50,"2025-03-09 10:38:19.000000",1,1,"Tarif horaire",6.25
264,edf44f02-fdb,NULL,10.75,"2025-03-05 16:38:19.000000",1,1,Demi-journée,6.25
265,edf41788-fdb,NULL,2.50,"2025-03-07 10:38:19.000000",4,1,Demi-journée,2.50
266,NULL,13cf0e0b-fdb,2.50,"2025-03-10 09:46:32.000000",4,1,"Journée complète",6.25
267,NULL,13ced8b3-fdb,6.25,"2025-03-08 09:46:32.000000",4,1,Demi-journée,2.50
268,NULL,13cf1730-fdb,6.25,"2025-03-07 09:46:32.000000",1,1,"Tarif horaire",6.25
269,edf42190-fdb,NULL,6.25,"2025-03-08 13:38:19.000000",24,1,Demi-journée,6.25
270,edf40d0c-fdb,NULL,6.25,"2025-03-08 11:38:19.000000",4,1,Demi-journée,6.25
271,NULL,13cf40ea-fdb,2.50,"2025-03-07 09:46:32.000000",4,1,"Tarif horaire",6.25
272,NULL,13cf183b-fdb,6.25,"2025-03-09 09:46:32.000000",24,4,"Journée complète",6.25
273,NULL,13cf23fc-fdb,6.25,"2025-03-07 09:46:32.000000",24,1,Demi-journée,10.75
274,edf3f3a5-fdb,NULL,6.25,"2025-03-08 12:38:19.000000",1,4,"Tarif horaire",10.75
275,edf432ff-fdb,NULL,10.75,"2025-03-08 11:38:19.000000",1,1,Demi-journée,2.50
276,NULL,13cec1bc-fdb,6.25,"2025-03-09 09:46:32.000000",1,1,Demi-journée,10.75
277,NULL,13ceeba5-fdb,2.50,"2025-03-08 09:46:32.000000",4,1,"Tarif horaire",10.75
278,edf44e9f-fdb,NULL,6.25,"2025-03-09 14:38:19.000000",1,1,Demi-journée,6.25
279,NULL,13ced50c-fdb,6.25,"2025-03-08 09:46:32.000000",24,1,"Tarif horaire",2.50
280,edf3fa47-fdb,NULL,10.75,"2025-03-09 12:38:19.000000",4,1,Demi-journée,2.50
281,edf412ce-fdb,NULL,6.25,"2025-03-04 16:38:19.000000",4,1,Demi-journée,6.25
282,edf433b5-fdb,NULL,10.75,"2025-03-07 13:38:19.000000",24,1,Demi-journée,2.50
283,edf406c3-fdb,NULL,6.25,"2025-03-08 10:38:19.000000",24,1,Demi-journée,10.75
284,edf3e76f-fdb,NULL,6.25,"2025-03-09 16:38:19.000000",1,1,"Journée complète",6.25
285,NULL,13cf38eb-fdb,2.50,"2025-03-09 09:46:32.000000",4,1,"Journée complète",6.25
286,NULL,13cf2c7d-fdb,10.75,"2025-03-10 09:46:32.000000",24,1,Demi-journée,6.25
287,edf3b52a-fdb,NULL,2.50,"2025-03-07 13:38:19.000000",4,1,Demi-journée,6.25
288,edf3e065-fdb,NULL,2.50,"2025-03-10 13:38:19.000000",24,1,"Journée complète",6.25
289,NULL,13cf2ba2-fdb,2.50,"2025-03-07 09:46:32.000000",24,1,Demi-journée,6.25
290,NULL,13cf0d2b-fdb,6.25,"2025-03-09 09:46:32.000000",24,1,Demi-journée,2.50
291,edf42726-fdb,NULL,2.50,"2025-03-05 11:38:19.000000",24,1,"Journée complète",10.75
292,NULL,13cec95a-fdb,10.75,"2025-03-07 09:46:32.000000",1,1,"Tarif horaire",10.75
293,edf458da-fdb,NULL,2.50,"2025-03-04 11:38:19.000000",4,1,"Journée complète",6.25
294,NULL,13cf107e-fdb,10.75,"2025-03-06 09:46:32.000000",24,1,"Tarif horaire",2.50
295,NULL,13ceb13f-fdb,10.75,"2025-03-05 09:46:32.000000",4,1,"Journée complète",10.75
296,edf413de-fdb,NULL,6.25,"2025-03-06 12:38:19.000000",1,1,"Tarif horaire",2.50
297,edf41111-fdb,NULL,2.50,"2025-03-04 16:38:19.000000",1,1,Demi-journée,2.50
298,edf40c57-fdb,NULL,2.50,"2025-03-05 15:38:19.000000",4,1,"Tarif horaire",6.25
299,edf3b00b-fdb,NULL,10.75,"2025-03-05 15:38:19.000000",4,4,Demi-journée,2.50
300,edf45d9c-fdb,NULL,2.50,"2025-03-08 15:38:19.000000",4,1,"Journée complète",2.50
301,edf4549c-fdb,NULL,6.25,"2025-03-06 11:38:19.000000",1,1,Demi-journée,6.25
302,NULL,13cee636-fdb,2.50,"2025-03-10 09:46:32.000000",4,1,Demi-journée,2.50
303,edf42dc3-fdb,NULL,2.50,"2025-03-08 12:38:19.000000",4,1,"Tarif horaire",10.75
304,NULL,13cf3fd0-fdb,6.25,"2025-03-07 09:46:32.000000",1,1,"Tarif horaire",2.50
305,NULL,13cef90f-fdb,10.75,"2025-03-08 09:46:32.000000",4,1,"Tarif horaire",6.25
306,edf44d2f-fdb,NULL,6.25,"2025-03-07 15:38:19.000000",1,1,"Tarif horaire",6.25
307,edf449ea-fdb,NULL,6.25,"2025-03-08 15:38:19.000000",24,4,"Tarif horaire",6.25
308,NULL,13cf0892-fdb,2.50,"2025-03-08 09:46:32.000000",24,1,"Tarif horaire",6.25
309,NULL,13ceafdf-fdb,2.50,"2025-03-08 09:46:32.000000",1,1,Demi-journée,10.75
310,edf3d763-fdb,NULL,2.50,"2025-03-06 12:38:19.000000",1,1,"Journée complète",2.50
311,NULL,13cee17b-fdb,6.25,"2025-03-09 09:46:32.000000",24,1,"Tarif horaire",2.50
312,NULL,13cebf35-fdb,10.75,"2025-03-07 09:46:32.000000",4,4,Demi-journée,6.25
313,NULL,13cee368-fdb,2.50,"2025-03-09 09:46:32.000000",4,4,Demi-journée,6.25
314,edf3e715-fdb,NULL,2.50,"2025-03-09 11:38:19.000000",24,1,Demi-journée,6.25
315,NULL,13ced7e0-fdb,2.50,"2025-03-06 09:46:32.000000",4,1,"Tarif horaire",10.75
316,NULL,13cec078-fdb,10.75,"2025-03-06 09:46:32.000000",4,1,Demi-journée,2.50
317,NULL,13cef3bd-fdb,6.25,"2025-03-07 09:46:32.000000",1,1,Demi-journée,2.50
318,edf3af21-fdb,NULL,6.25,"2025-03-06 14:38:19.000000",1,1,Demi-journée,6.25
319,edf3c70b-fdb,NULL,2.50,"2025-03-10 13:38:19.000000",4,1,Demi-journée,6.25
320,NULL,13ceb671-fdb,2.50,"2025-03-07 09:46:32.000000",4,1,"Tarif horaire",10.75
321,edf44bbb-fdb,NULL,6.25,"2025-03-06 13:38:19.000000",4,1,Demi-journée,2.50
322,NULL,13cf2dd8-fdb,6.25,"2025-03-06 09:46:32.000000",4,4,"Journée complète",10.75
323,NULL,13ceffa5-fdb,2.50,"2025-03-06 09:46:32.000000",1,4,Demi-journée,6.25
324,NULL,13cf2182-fdb,6.25,"2025-03-07 09:46:32.000000",4,1,"Tarif horaire",2.50
325,NULL,13cf2707-fdb,6.25,"2025-03-05 09:46:32.000000",24,1,Demi-journée,2.50
326,NULL,13cf3d60-fdb,2.50,"2025-03-09 09:46:32.000000",24,4,Demi-journée,6.25
327,NULL,13cf37d5-fdb,2.50,"2025-03-06 09:46:32.000000",1,1,Demi-journée,10.75
328,NULL,13cebcb6-fdb,2.50,"2025-03-07 09:46:32.000000",1,1,Demi-journée,6.25
329,edf3e226-fdb,NULL,6.25,"2025-03-08 12:38:19.000000",4,1,"Journée complète",6.25
330,edf42c02-fdb,NULL,2.50,"2025-03-04 15:38:19.000000",1,1,"Tarif horaire",10.75
331,edf3d2d1-fdb,NULL,6.25,"2025-03-09 15:38:19.000000",4,1,Demi-journée,10.75
332,NULL,13cef2dc-fdb,6.25,"2025-03-10 09:46:32.000000",1,1,"Tarif horaire",2.50
333,edf421ec-fdb,NULL,2.50,"2025-03-09 13:38:19.000000",24,1,"Journée complète",2.50
334,NULL,13cebb7c-fdb,2.50,"2025-03-10 09:46:32.000000",4,1,"Journée complète",2.50
335,edf4261d-fdb,NULL,10.75,"2025-03-04 11:38:19.000000",4,1,"Tarif horaire",10.75
336,edf44526-fdb,NULL,2.50,"2025-03-04 13:38:19.000000",4,1,Demi-journée,10.75
337,NULL,13cf2515-fdb,6.25,"2025-03-09 09:46:32.000000",4,1,Demi-journée,6.25
338,edf45eb4-fdb,NULL,6.25,"2025-03-07 11:38:19.000000",1,4,Demi-journée,2.50
339,NULL,13cecd52-fdb,6.25,"2025-03-05 09:46:32.000000",1,4,Demi-journée,2.50
340,NULL,13cec6d6-fdb,6.25,"2025-03-09 09:46:32.000000",4,1,"Tarif horaire",2.50
341,NULL,13cf0418-fdb,2.50,"2025-03-07 09:46:32.000000",1,4,"Journée complète",2.50
342,edf44467-fdb,NULL,2.50,"2025-03-05 10:38:19.000000",4,4,Demi-journée,10.75
343,edf44c76-fdb,NULL,2.50,"2025-03-10 10:38:19.000000",4,4,Demi-journée,10.75
344,edf41a51-fdb,NULL,10.75,"2025-03-09 12:38:19.000000",4,1,Demi-journée,10.75
345,edf3ef6e-fdb,NULL,6.25,"2025-03-05 12:38:19.000000",1,4,"Tarif horaire",6.25
346,edf3f298-fdb,NULL,6.25,"2025-03-09 10:38:19.000000",4,1,"Tarif horaire",6.25
347,NULL,13cf0bef-fdb,6.25,"2025-03-05 09:46:32.000000",1,4,"Tarif horaire",2.50
348,edf43030-fdb,NULL,2.50,"2025-03-10 16:38:19.000000",4,4,"Journée complète",6.25
349,edf4172c-fdb,NULL,6.25,"2025-03-08 13:38:19.000000",1,1,"Tarif horaire",6.25
350,edf431ef-fdb,NULL,2.50,"2025-03-05 15:38:19.000000",4,1,Demi-journée,6.25
351,NULL,13cef698-fdb,6.25,"2025-03-10 09:46:32.000000",4,1,Demi-journée,2.50
352,NULL,13cf0fb1-fdb,10.75,"2025-03-06 09:46:32.000000",1,1,"Journée complète",2.50
353,NULL,13cf1e8d-fdb,10.75,"2025-03-08 09:46:32.000000",4,1,"Journée complète",10.75
354,edf3ff05-fdb,NULL,6.25,"2025-03-07 15:38:19.000000",24,4,"Journée complète",2.50
355,NULL,13cf2256-fdb,6.25,"2025-03-08 09:46:32.000000",4,1,"Journée complète",2.50
356,edf414ed-fdb,NULL,2.50,"2025-03-07 15:38:19.000000",1,1,Demi-journée,6.25
357,NULL,13cec5f7-fdb,6.25,"2025-03-07 09:46:32.000000",24,1,Demi-journée,2.50
358,edf44db5-fdb,NULL,2.50,"2025-03-07 14:38:19.000000",24,1,"Journée complète",2.50
359,NULL,13cf3049-fdb,10.75,"2025-03-07 09:46:32.000000",1,1,Demi-journée,6.25
360,NULL,13cefcba-fdb,6.25,"2025-03-06 09:46:32.000000",4,1,"Journée complète",6.25
361,NULL,13cee543-fdb,10.75,"2025-03-08 09:46:32.000000",1,1,"Tarif horaire",10.75
362,edf3c6b5-fdb,NULL,2.50,"2025-03-10 16:38:19.000000",4,1,Demi-journée,2.50
363,NULL,13cf0105-fdb,2.50,"2025-03-05 09:46:32.000000",4,1,"Tarif horaire",2.50
364,NULL,13cf1528-fdb,6.25,"2025-03-06 09:46:32.000000",24,1,Demi-journée,10.75
365,NULL,13cf41c2-fdb,6.25,"2025-03-05 09:46:32.000000",1,1,"Tarif horaire",6.25
366,edf3cf3c-fdb,NULL,6.25,"2025-03-04 13:38:19.000000",24,4,"Tarif horaire",2.50
367,NULL,13cf209e-fdb,6.25,"2025-03-09 09:46:32.000000",24,1,"Tarif horaire",6.25
368,edf3eb6e-fdb,NULL,6.25,"2025-03-05 16:38:19.000000",24,1,"Tarif horaire",2.50
369,NULL,13cefeb4-fdb,6.25,"2025-03-06 09:46:32.000000",4,1,Demi-journée,10.75
370,NULL,13cf350f-fdb,2.50,"2025-03-06 09:46:32.000000",1,4,Demi-journée,6.25
371,NULL,13ceeac9-fdb,10.75,"2025-03-05 09:46:32.000000",1,1,"Tarif horaire",10.75
372,NULL,13ceca32-fdb,6.25,"2025-03-05 09:46:32.000000",1,4,"Tarif horaire",10.75
373,NULL,13cf3414-fdb,6.25,"2025-03-08 09:46:32.000000",4,1,"Tarif horaire",6.25
374,edf4143a-fdb,NULL,6.25,"2025-03-10 16:38:19.000000",4,1,Demi-journée,10.75
375,NULL,13ceba3f-fdb,6.25,"2025-03-08 09:46:32.000000",4,1,Demi-journée,2.50
376,edf3c3c3-fdb,NULL,6.25,"2025-03-04 11:38:19.000000",4,1,Demi-journée,6.25
377,NULL,13cecb05-fdb,10.75,"2025-03-09 09:46:32.000000",4,1,"Tarif horaire",2.50
378,NULL,13cf262e-fdb,2.50,"2025-03-09 09:46:32.000000",1,1,Demi-journée,6.25
379,edf3f889-fdb,NULL,10.75,"2025-03-08 15:38:19.000000",4,1,Demi-journée,6.25
380,NULL,13cf35e8-fdb,6.25,"2025-03-05 09:46:32.000000",1,1,Demi-journée,6.25
381,NULL,6E656E,10.75,"2025-03-10 14:09:51.000000",1,1,"Journée complète",6.25
382,edf40e19-fdb,NULL,2.50,"2025-03-05 13:38:19.000000",4,1,"Tarif horaire",2.50
383,NULL,13cee444-fdb,2.50,"2025-03-09 09:46:32.000000",1,1,"Tarif horaire",2.50
384,NULL,13cec41e-fdb,10.75,"2025-03-05 09:46:32.000000",1,1,"Journée complète",6.25
385,NULL,13cf076e-fdb,10.75,"2025-03-09 09:46:32.000000",4,1,"Journée complète",6.25
386,edf42d67-fdb,NULL,10.75,"2025-03-04 16:38:19.000000",4,4,Demi-journée,6.25
387,NULL,13cf0a4a-fdb,6.25,"2025-03-08 09:46:32.000000",4,1,Demi-journée,10.75
388,NULL,13cedb0b-fdb,10.75,"2025-03-06 09:46:32.000000",4,1,Demi-journée,6.25
389,NULL,13cf0310-fdb,10.75,"2025-03-06 09:46:32.000000",4,1,"Journée complète",2.50
390,NULL,13cefaf3-fdb,6.25,"2025-03-08 09:46:32.000000",1,1,"Journée complète",6.25
391,NULL,13ced31d-fdb,2.50,"2025-03-08 09:46:32.000000",4,1,"Tarif horaire",2.50
392,NULL,13cec7af-fdb,6.25,"2025-03-09 09:46:32.000000",4,1,Demi-journée,6.25
393,edf41385-fdb,NULL,6.25,"2025-03-09 12:38:19.000000",4,1,"Journée complète",2.50
394,NULL,13cf3e2e-fdb,6.25,"2025-03-06 09:46:32.000000",24,4,"Journée complète",6.25
395,NULL,13cf3b84-fdb,2.50,"2025-03-06 09:46:32.000000",1,1,"Journée complète",6.25
396,edf3e84a-fdb,NULL,6.25,"2025-03-06 11:38:19.000000",4,4,"Journée complète",2.50
397,edf41bbe-fdb,NULL,6.25,"2025-03-06 15:38:19.000000",4,1,Demi-journée,6.25
398,NULL,13ceeca7-fdb,10.75,"2025-03-05 09:46:32.000000",24,1,Demi-journée,6.25
399,NULL,13ceae78-fdb,6.25,"2025-03-06 09:46:32.000000",1,1,"Journée complète",2.50
400,edf3e550-fdb,NULL,10.75,"2025-03-09 12:38:19.000000",4,1,"Tarif horaire",6.25
401,edf3e6b9-fdb,NULL,6.25,"2025-03-08 10:38:19.000000",1,1,"Tarif horaire",6.25
402,NULL,13cf331f-fdb,2.50,"2025-03-10 09:46:32.000000",4,1,"Tarif horaire",6.25
403,edf4183b-fdb,NULL,10.75,"2025-03-06 10:38:19.000000",4,1,Demi-journée,10.75
404,NULL,13cf1dbe-fdb,6.25,"2025-03-06 09:46:32.000000",4,1,"Journée complète",6.25
405,NULL,13cf0eda-fdb,2.50,"2025-03-10 09:46:32.000000",1,1,"Journée complète",6.25
406,NULL,13cf1bfe-fdb,10.75,"2025-03-07 09:46:32.000000",1,1,Demi-journée,10.75
407,NULL,13cefdc3-fdb,6.25,"2025-03-06 09:46:32.000000",4,4,"Tarif horaire",10.75
408,edf3e3eb-fdb,NULL,2.50,"2025-03-06 10:38:19.000000",4,1,"Journée complète",2.50
409,NULL,13cf3aa1-fdb,10.75,"2025-03-09 09:46:32.000000",24,1,"Tarif horaire",6.25
410,edf3cee1-fdb,NULL,10.75,"2025-03-08 11:38:19.000000",4,4,Demi-journée,6.25
411,NULL,13cf160d-fdb,2.50,"2025-03-06 09:46:32.000000",24,1,"Tarif horaire",2.50
412,edf418ed-fdb,NULL,10.75,"2025-03-04 10:38:19.000000",1,4,"Tarif horaire",6.25
413,NULL,13cf19e7-fdb,6.25,"2025-03-07 09:46:32.000000",4,1,"Journée complète",6.25
414,NULL,13cf0698-fdb,2.50,"2025-03-09 09:46:32.000000",1,4,"Journée complète",2.50
415,NULL,13cf05c8-fdb,10.75,"2025-03-09 09:46:32.000000",4,1,"Journée complète",6.25
416,edf3d875-fdb,NULL,2.50,"2025-03-05 12:38:19.000000",1,4,"Journée complète",2.50
417,NULL,13cece77-fdb,6.25,"2025-03-08 09:46:32.000000",4,1,Demi-journée,2.50
418,NULL,13ceed7e-fdb,10.75,"2025-03-06 09:46:32.000000",24,1,"Journée complète",6.25
419,NULL,13ced24a-fdb,6.25,"2025-03-09 09:46:32.000000",4,1,"Journée complète",6.25
420,NULL,13cf28b9-fdb,10.75,"2025-03-05 09:46:32.000000",24,1,Demi-journée,10.75
421,edf4419c-fdb,NULL,6.25,"2025-03-05 12:38:19.000000",4,1,Demi-journée,2.50
422,edf3e8fe-fdb,NULL,6.25,"2025-03-10 11:38:19.000000",4,1,Demi-journée,2.50
423,edf3c81e-fdb,NULL,6.25,"2025-03-08 15:38:19.000000",4,1,"Tarif horaire",6.25
424,edf447b5-fdb,NULL,10.75,"2025-03-10 14:38:19.000000",4,1,Demi-journée,2.50
425,NULL,13cef83f-fdb,10.75,"2025-03-10 09:46:32.000000",4,1,Demi-journée,6.25
426,NULL,13cf04f4-fdb,10.75,"2025-03-08 09:46:32.000000",1,1,"Journée complète",6.25
427,NULL,13cec2fe-fdb,2.50,"2025-03-09 09:46:32.000000",4,1,"Tarif horaire",6.25
428,edf3b962-fdb,NULL,6.25,"2025-03-05 16:38:19.000000",4,4,"Journée complète",6.25
429,edf3d32a-fdb,NULL,2.50,"2025-03-10 10:38:19.000000",4,1,"Tarif horaire",6.25
430,NULL,13cef9fa-fdb,10.75,"2025-03-06 09:46:32.000000",24,1,"Tarif horaire",6.25
431,NULL,13cf3c8a-fdb,6.25,"2025-03-10 09:46:32.000000",4,1,Demi-journée,10.75
432,NULL,13ceabbe-fdb,6.25,"2025-03-06 09:46:32.000000",1,4,"Tarif horaire",6.25
433,edf3e331-fdb,NULL,6.25,"2025-03-09 15:38:19.000000",1,1,"Tarif horaire",2.50
434,NULL,13cedea9-fdb,6.25,"2025-03-08 09:46:32.000000",24,4,Demi-journée,2.50
435,NULL,13cf0b1d-fdb,10.75,"2025-03-10 09:46:32.000000",1,1,Demi-journée,10.75
436,NULL,13cf0975-fdb,6.25,"2025-03-10 09:46:32.000000",4,1,"Journée complète",2.50
437,edf3fbb1-fdb,NULL,2.50,"2025-03-10 10:38:19.000000",24,1,"Tarif horaire",10.75
438,edf42cb5-fdb,NULL,6.25,"2025-03-10 13:38:19.000000",1,1,"Journée complète",6.25
439,NULL,13cecf53-fdb,6.25,"2025-03-09 09:46:32.000000",24,1,"Journée complète",6.25
440,edf459f1-fdb,NULL,2.50,"2025-03-06 11:38:19.000000",24,1,Demi-journée,6.25
441,NULL,13cf29e6-fdb,2.50,"2025-03-08 09:46:32.000000",1,1,Demi-journée,6.25
442,NULL,13cef5be-fdb,10.75,"2025-03-06 09:46:32.000000",4,1,"Tarif horaire",10.75
443,edf3b891-fdb,NULL,2.50,"2025-03-08 13:38:19.000000",24,1,Demi-journée,6.25
444,edf3dc63-fdb,NULL,2.50,"2025-03-07 14:38:19.000000",1,1,Demi-journée,6.25
445,edf3c488-fdb,NULL,6.25,"2025-03-05 12:38:19.000000",24,1,Demi-journée,2.50
446,edf3b1a6-fdb,NULL,6.25,"2025-03-05 11:38:19.000000",4,1,"Tarif horaire",6.25
447,edf3f9ee-fdb,NULL,6.25,"2025-03-05 14:38:19.000000",24,1,"Tarif horaire",6.25
448,NULL,13ced176-fdb,10.75,"2025-03-10 09:46:32.000000",4,1,Demi-journée,10.75
449,NULL,13ceb28a-fdb,6.25,"2025-03-08 09:46:32.000000",4,1,"Tarif horaire",2.50
450,NULL,13cee096-fdb,6.25,"2025-03-08 09:46:32.000000",4,1,Demi-journée,6.25
451,edf40efa-fdb,NULL,10.75,"2025-03-06 10:38:19.000000",4,4,Demi-journée,6.25
452,edf440e1-fdb,NULL,2.50,"2025-03-06 15:38:19.000000",4,1,Demi-journée,6.25
453,edf41d26-fdb,NULL,6.25,"2025-03-05 13:38:19.000000",4,1,"Tarif horaire",2.50
454,NULL,13cf1f63-fdb,2.50,"2025-03-06 09:46:32.000000",1,1,"Tarif horaire",10.75
455,NULL,13cef013-fdb,6.25,"2025-03-09 09:46:32.000000",4,1,Demi-journée,2.50
456,edf3b46b-fdb,NULL,2.50,"2025-03-09 14:38:19.000000",4,1,Demi-journée,6.25
457,NULL,13cf1910-fdb,2.50,"2025-03-08 09:46:32.000000",24,4,"Journée complète",2.50
458,NULL,13cf39cb-fdb,2.50,"2025-03-07 09:46:32.000000",4,4,"Tarif horaire",2.50
459,edf451f5-fdb,NULL,10.75,"2025-03-07 13:38:19.000000",4,1,"Tarif horaire",2.50
460,edf40399-fdb,NULL,2.50,"2025-03-10 13:38:19.000000",1,1,Demi-journée,6.25
461,edf45022-fdb,NULL,10.75,"2025-03-09 10:38:19.000000",4,1,"Tarif horaire",2.50
462,edf448cd-fdb,NULL,6.25,"2025-03-09 10:38:19.000000",4,4,"Journée complète",2.50
463,edf41545-fdb,NULL,10.75,"2025-03-09 16:38:19.000000",1,1,Demi-journée,2.50
464,edf44a46-fdb,NULL,2.50,"2025-03-08 10:38:19.000000",24,1,Demi-journée,6.25
465,NULL,13ceb7b8-fdb,10.75,"2025-03-06 09:46:32.000000",4,1,"Journée complète",2.50
466,edf40dbd-fdb,NULL,6.25,"2025-03-09 16:38:19.000000",1,1,"Journée complète",6.25
467,edf3e604-fdb,NULL,6.25,"2025-03-06 12:38:19.000000",4,1,"Journée complète",2.50
468,NULL,13cf31fe-fdb,6.25,"2025-03-10 09:46:32.000000",4,1,Demi-journée,6.25
469,edf3da3a-fdb,NULL,2.50,"2025-03-04 16:38:19.000000",4,1,Demi-journée,6.25
470,edf46119-fdb,NULL,6.25,"2025-03-06 14:38:19.000000",4,1,Demi-journée,10.75
471,NULL,13ceb516-fdb,2.50,"2025-03-05 09:46:32.000000",24,1,Demi-journée,6.25
472,edf3cbc9-fdb,NULL,6.25,"2025-03-08 14:38:19.000000",1,4,Demi-journée,6.25
473,edf3d5a4-fdb,NULL,2.50,"2025-03-06 15:38:19.000000",24,4,Demi-journée,10.75
474,NULL,13cec883-fdb,6.25,"2025-03-09 09:46:32.000000",4,1,"Journée complète",2.50
475,edf45700-fdb,NULL,10.75,"2025-03-10 10:38:19.000000",1,1,"Journée complète",2.50
476,edf403f2-fdb,NULL,6.25,"2025-03-04 10:38:19.000000",4,1,"Journée complète",6.25
477,NULL,13ced3ed-fdb,6.25,"2025-03-07 09:46:32.000000",1,4,"Journée complète",10.75
478,edf3d982-fdb,NULL,6.25,"2025-03-04 12:38:19.000000",1,1,Demi-journée,6.25
479,edf3f996-fdb,NULL,2.50,"2025-03-07 11:38:19.000000",4,1,Demi-journée,10.75
480,edf3f07a-fdb,NULL,6.25,"2025-03-04 12:38:19.000000",4,1,"Tarif horaire",2.50
481,edf3cb19-fdb,NULL,2.50,"2025-03-04 13:38:19.000000",1,1,Demi-journée,2.50
482,NULL,13cf312a-fdb,6.25,"2025-03-08 09:46:32.000000",24,4,"Tarif horaire",10.75
483,NULL,13cef4af-fdb,10.75,"2025-03-06 09:46:32.000000",4,1,Demi-journée,2.50
484,NULL,13cf27e2-fdb,6.25,"2025-03-07 09:46:32.000000",4,1,Demi-journée,2.50
485,edf429e3-fdb,NULL,2.50,"2025-03-08 16:38:19.000000",4,1,Demi-journée,2.50
486,edf3f563-fdb,NULL,2.50,"2025-03-10 10:38:19.000000",24,4,"Journée complète",6.25
487,edf3c542-fdb,NULL,6.25,"2025-03-05 10:38:19.000000",24,4,Demi-journée,10.75
488,edf3ebc8-fdb,NULL,6.25,"2025-03-07 12:38:19.000000",4,4,Demi-journée,6.25
489,NULL,13cf2326-fdb,6.25,"2025-03-07 09:46:32.000000",4,1,Demi-journée,6.25
490,NULL,13cebe00-fdb,2.50,"2025-03-06 09:46:32.000000",24,4,Demi-journée,2.50
491,edf40ad8-fdb,NULL,6.25,"2025-03-06 10:38:19.000000",24,4,"Journée complète",6.25
492,edf4602c-fdb,NULL,10.75,"2025-03-04 14:38:19.000000",4,1,"Tarif horaire",6.25
493,NULL,13cecc07-fdb,6.25,"2025-03-10 09:46:32.000000",24,1,Demi-journée,6.25
494,edf45080-fdb,NULL,2.50,"2025-03-07 10:38:19.000000",24,1,Demi-journée,6.25
495,NULL,13ceb8f8-fdb,6.25,"2025-03-10 09:46:32.000000",4,1,Demi-journée,6.25
496,NULL,13cec506-fdb,6.25,"2025-03-06 09:46:32.000000",4,1,Demi-journée,2.50
497,NULL,13cf3eff-fdb,10.75,"2025-03-08 09:46:32.000000",4,1,Demi-journée,6.25
498,NULL,13cedf7f-fdb,6.25,"2025-03-08 09:46:32.000000",4,1,"Journée complète",2.50
499,NULL,13cf1ce7-fdb,2.50,"2025-03-09 09:46:32.000000",4,1,"Journée complète",10.75
500,edf427d8-fdb,NULL,6.25,"2025-03-08 11:38:19.000000",24,1,Demi-journée,2.50
501,edf45b66-fdb,NULL,6.25,"2025-03-07 11:38:19.000000",1,1,"Tarif horaire",2.50
502,edf3bec9-fdb,NULL,2.50,"2025-03-10 12:38:19.000000",1,1,"Journée complète",6.25
503,NULL,13cf36c7-fdb,6.25,"2025-03-10 09:46:32.000000",24,4,Demi-journée,6.25
504,NULL,13cedcc4-fdb,2.50,"2025-03-05 09:46:32.000000",1,1,"Journée complète",2.50
505,edf41894-fdb,NULL,6.25,"2025-03-07 11:38:19.000000",4,4,"Journée complète",6.25
506,edf40d64-fdb,NULL,2.50,"2025-03-09 15:38:19.000000",24,1,"Journée complète",6.25
507,NULL,13cedd9d-fdb,10.75,"2025-03-09 09:46:32.000000",24,1,Demi-journée,10.75
508,NULL,13cf142c-fdb,2.50,"2025-03-09 09:46:32.000000",1,1,Demi-journée,2.50
509,edf420d9-fdb,NULL,6.25,"2025-03-05 15:38:19.000000",24,1,"Tarif horaire",6.25
510,edf3d1c0-fdb,NULL,6.25,"2025-03-09 10:38:19.000000",4,1,Demi-journée,6.25
511,NULL,13cef130-fdb,2.50,"2025-03-07 09:46:32.000000",24,4,Demi-journée,6.25
512,edf3ef15-fdb,NULL,10.75,"2025-03-08 11:38:19.000000",1,1,"Journée complète",10.75
513,edf3bbac-fdb,NULL,6.25,"2025-03-06 13:38:19.000000",1,1,"Journée complète",6.25
514,edf422a2-fdb,NULL,2.50,"2025-03-05 15:38:19.000000",4,1,"Tarif horaire",6.25
515,edf45139-fdb,NULL,6.25,"2025-03-04 13:38:19.000000",4,1,"Tarif horaire",10.75
516,NULL,13cea5c3-fdb,6.25,"2025-03-10 09:46:32.000000",24,1,"Journée complète",2.50
517,edf3d21c-fdb,NULL,6.25,"2025-03-09 14:38:19.000000",4,1,"Journée complète",2.50
518,NULL,13cee712-fdb,6.25,"2025-03-05 09:46:32.000000",4,1,Demi-journée,2.50
519,NULL,13ced602-fdb,2.50,"2025-03-06 09:46:32.000000",4,4,Demi-journée,2.50
520,NULL,13cee8e8-fdb,2.50,"2025-03-07 09:46:32.000000",1,1,"Tarif horaire",10.75
521,edf3d4f0-fdb,NULL,6.25,"2025-03-07 12:38:19.000000",24,1,Demi-journée,6.25
522,edf45f12-fdb,NULL,6.25,"2025-03-08 15:38:19.000000",1,4,Demi-journée,6.25
523,edf45c25-fdb,NULL,2.50,"2025-03-05 12:38:19.000000",4,4,Demi-journée,6.25
524,edf40884-fdb,NULL,2.50,"2025-03-09 11:38:19.000000",4,1,"Tarif horaire",2.50
525,edf45aac-fdb,NULL,2.50,"2025-03-10 12:38:19.000000",4,1,"Journée complète",6.25
526,NULL,13cefbc7-fdb,10.75,"2025-03-10 09:46:32.000000",1,1,Demi-journée,2.50
527,NULL,13cee80f-fdb,6.25,"2025-03-09 09:46:32.000000",1,1,"Journée complète",2.50
528,NULL,13cee9c0-fdb,2.50,"2025-03-10 09:46:32.000000",4,4,"Journée complète",6.25
529,edf3b9d2-fdb,NULL,6.25,"2025-03-07 14:38:19.000000",4,1,"Journée complète",10.75
530,edf3f8e4-fdb,NULL,6.25,"2025-03-07 16:38:19.000000",1,1,"Tarif horaire",2.50
531,NULL,13cedbf2-fdb,6.25,"2025-03-05 09:46:32.000000",24,4,"Journée complète",6.25
532,NULL,13cef76c-fdb,6.25,"2025-03-09 09:46:32.000000",4,1,"Tarif horaire",10.75
533,edf40a26-fdb,NULL,6.25,"2025-03-08 12:38:19.000000",4,1,"Journée complète",2.50
534,edf3bfed-fdb,NULL,6.25,"2025-03-09 13:38:19.000000",24,1,"Journée complète",2.50
535,NULL,13ced708-fdb,6.25,"2025-03-06 09:46:32.000000",4,1,Demi-journée,2.50
536,NULL,13cf2f1a-fdb,2.50,"2025-03-08 09:46:32.000000",24,1,Demi-journée,2.50
537,edf3c127-fdb,NULL,6.25,"2025-03-05 16:38:19.000000",24,4,"Tarif horaire",6.25
538,NULL,13ced088-fdb,10.75,"2025-03-10 09:46:32.000000",4,1,"Journée complète",2.50
539,NULL,13cee264-fdb,10.75,"2025-03-09 09:46:32.000000",4,4,"Journée complète",10.75
540,edf4558f-fdb,NULL,6.25,"2025-03-06 11:38:19.000000",24,1,"Tarif horaire",2.50
541,edf3fd81-fdb,NULL,2.50,"2025-03-07 13:38:19.000000",1,1,Demi-journée,6.25
542,edf40612-fdb,NULL,2.50,"2025-03-05 15:38:19.000000",4,1,Demi-journée,10.75
543,NULL,13cf1ad1-fdb,10.75,"2025-03-06 09:46:32.000000",1,1,"Journée complète",6.25
544,edf3e0c0-fdb,NULL,10.75,"2025-03-05 11:38:19.000000",24,1,"Tarif horaire",10.75
545,NULL,13ceb3d3-fdb,6.25,"2025-03-05 09:46:32.000000",1,1,Demi-journée,2.50
